,file,filesize,duration,samplerate
0,10692625424123505098,547244,11.4,24000
1,11454979434818428267,581804,12.12,24000
2,12237558880860331773,495404,10.32,24000
3,13251554734104424317,351404,7.32,24000
4,13558669085311513598,426284,8.88,24000
5,13654627507208845681,604844,12.6,24000
6,13858737711615445742,485804,10.12,24000
7,13861060637840771408,382124,7.96,24000
8,13890748266364265530,673964,14.04,24000
9,1408299134735939379,691244,14.4,24000
10,15148376100928681865,518444,10.8,24000
11,15217777191528080531,864044,18.0,24000
12,15329408916196338935,541484,11.28,24000
13,15337494349073161032,624044,13.0,24000
14,15546004231405603813,915884,19.08,24000
15,15558760529334152493,501164,10.44,24000
16,15572635356708203794,564524,11.76,24000
17,16390148026035720006,508844,10.6,24000
18,16493682796109575979,501164,10.44,24000
19,16674087111102605341,691244,14.4,24000
20,16874097878670149585,668204,13.92,24000
21,17152387922900344672,618284,12.88,24000
22,17279825518235813804,553004,11.52,24000
23,17332378814660919742,823724,17.16,24000
24,17413479902862000561,466604,9.72,24000
25,2428383302412660317,679724,14.16,24000
26,3602777347149407046,462764,9.64,24000
27,4491817802707826297,553004,11.52,24000
28,4563468691723400863,616364,12.84,24000
29,4605799292130559227,336044,7.0,24000
30,513904964009599398,664364,13.84,24000
31,5743132057168797740,829484,17.28,24000
32,6585712105804890349,353324,7.36,24000
33,6824958744944736747,380204,7.92,24000
34,8618668462397114450,777644,16.2,24000
35,900437937093756725,503084,10.48,24000
36,10385926483466854894,662444,13.8,24000
37,1042376133630507497,483884,10.08,24000
38,10662724737122379819,564524,11.76,24000
39,10777832524687676321,633644,13.2,24000
40,11384013461325411144,581804,12.12,24000
41,11403507630812198652,702764,14.64,24000
42,1141015850722401632,779564,16.24,24000
43,11615027257763555529,622124,12.96,24000
44,11750080497419074968,503084,10.48,24000
45,12879650366048399412,566444,11.8,24000
46,1377212671739561394,691244,14.4,24000
47,14108598523953736352,564524,11.76,24000
48,14299931436115341688,639404,13.32,24000
49,14342042387295803210,524204,10.92,24000
50,14407495317466163664,785324,16.36,24000
51,14523957044704010150,570284,11.88,24000
52,14615121641664322307,1278764,26.64,24000
53,14692251440041443971,495404,10.32,24000
54,14904600458501532981,675884,14.08,24000
55,15075775303704391569,443564,9.24,24000
56,1524177444352869353,1296044,27.0,24000
57,15471631955295380531,553004,11.52,24000
58,15601259892659117637,604844,12.6,24000
59,17494204723495012187,1152044,24.0,24000
60,17689635092183302946,478124,9.96,24000
61,18162838769079604613,612524,12.76,24000
62,3185856958167743230,881324,18.36,24000
63,3639520709044602554,704684,14.68,24000
64,4127782400394818744,449324,9.36,24000
65,4619340931941151909,670124,13.96,24000
66,4669780413347292559,524204,10.92,24000
67,4912121988648984313,812204,16.92,24000
68,4934671031316826684,858284,17.88,24000
69,5094896339101539307,593324,12.36,24000
70,6282706669318557328,610604,12.72,24000
71,6504205591191864190,927404,19.32,24000
72,6532027995760552194,1324844,27.6,24000
73,7770809628373678276,409004,8.52,24000
74,7994483693411257807,564524,11.76,24000
75,8130088538173377204,635564,13.24,24000
76,8413062723019203615,635564,13.24,24000
77,8546015840825081587,627884,13.08,24000
78,8730039352453917146,518444,10.8,24000
79,8807904215831629409,455084,9.48,24000
80,9000898834851083188,743084,15.48,24000
81,9568464397614762568,535724,11.16,24000
82,1001539022957290537,491564,10.24,24000
83,10015439054451116429,576044,12.0,24000
84,10053528006055158568,606764,12.64,24000
85,10081031016848653570,650924,13.56,24000
86,1010996209941465216,313004,6.52,24000
87,10125410008588035097,618284,12.88,24000
88,10126866060504619138,543404,11.32,24000
89,10127338944955705615,489644,10.2,24000
90,10187454866398631601,449324,9.36,24000
91,10213161200598245920,529964,11.04,24000
92,10240070882499246081,416684,8.68,24000
93,10244085879382183734,892844,18.6,24000
94,10260148752245334107,812204,16.92,24000
95,10303646244932545401,393644,8.2,24000
96,10326086148810913995,480044,10.0,24000
97,10328255372930020604,472364,9.84,24000
98,10346754671882990713,992684,20.68,24000
99,10347212701354334089,272684,5.68,24000
100,10366320452087903453,347564,7.24,24000
101,10366770080397770586,341804,7.12,24000
102,10427166002480161098,495404,10.32,24000
103,10454919646113455046,506924,10.56,24000
104,10464705377215795216,409004,8.52,24000
105,10476076504167170108,675884,14.08,24000
106,10506880621170724965,451244,9.4,24000
107,10511387656024453526,416684,8.68,24000
108,10516289057263596781,842924,17.56,24000
109,10522640919166125062,808364,16.84,24000
110,10536338136899011724,295724,6.16,24000
111,10544199185589366256,618284,12.88,24000
112,10547330594526802325,282284,5.88,24000
113,1056141852574449328,622124,12.96,24000
114,10581857340792007425,351404,7.32,24000
115,1064119933323308579,1130924,23.56,24000
116,10650739840462814507,466604,9.72,24000
117,10689002500875157428,462764,9.64,24000
118,10692380803725493918,508844,10.6,24000
119,1071383882758491538,564524,11.76,24000
120,10731415239939602590,697004,14.52,24000
121,10745404261890102425,535724,11.16,24000
122,10753620696407575031,324524,6.76,24000
123,10759305095483245136,512684,10.68,24000
124,10759678240346636799,480044,10.0,24000
125,10769314451210604986,1228844,25.6,24000
126,10822231266579119860,737324,15.36,24000
127,10832954297436947962,520364,10.84,24000
128,10910711851372981565,779564,16.24,24000
129,10918812829165322766,601004,12.52,24000
130,10929445754324630816,889004,18.52,24000
131,10935161815374948426,483884,10.08,24000
132,109384621024934523,508844,10.6,24000
133,10948052280753686380,474284,9.88,24000
134,1100163116851061573,601004,12.52,24000
135,11069211470296557017,443564,9.24,24000
136,11083094232475214027,265004,5.52,24000
137,1109419803027066182,553004,11.52,24000
138,11099849876786589838,673964,14.04,24000
139,11147458184370116491,345644,7.2,24000
140,11149322405189283639,501164,10.44,24000
141,11167286614726922552,762284,15.88,24000
142,11169531957228339308,748844,15.6,24000
143,11224458648239679502,581804,12.12,24000
144,11237373113082023548,704684,14.68,24000
145,11255695994730603378,334124,6.96,24000
146,11266018755657705349,387884,8.08,24000
147,11281001069146198387,871724,18.16,24000
148,11293014710892945272,518444,10.8,24000
149,11322771976790787848,1054124,21.96,24000
150,11338544067006039999,541484,11.28,24000
151,11354933511847362756,526124,10.96,24000
152,11405632970571272986,497324,10.36,24000
153,11427067587535948928,472364,9.84,24000
154,11429029504790041431,664364,13.84,24000
155,11438742274144842212,316844,6.6,24000
156,11477107937094164199,633644,13.2,24000
157,11516045531389390024,353324,7.36,24000
158,11566955997057376772,698924,14.56,24000
159,11590550588641281968,284204,5.92,24000
160,11591472564587167690,495404,10.32,24000
161,11631793473462250802,489644,10.2,24000
162,11650211890738443839,967724,20.16,24000
163,11674258898108003055,635564,13.24,24000
164,11685091787786592974,428204,8.92,24000
165,1175407710041367178,439724,9.16,24000
166,11755069660354440168,662444,13.8,24000
167,11782541441328414821,543404,11.32,24000
168,11788722656388716629,432044,9.0,24000
169,11830262194053356186,376364,7.84,24000
170,11839737857566025188,506924,10.56,24000
171,11842978175620359513,336044,7.0,24000
172,11851616114073547702,432044,9.0,24000
173,11866684755643653095,288044,6.0,24000
174,11869124406977486300,472364,9.84,24000
175,11871170274653679237,370604,7.72,24000
176,11897557489300541354,351404,7.32,24000
177,1190103438374394232,553004,11.52,24000
178,11911665286695400016,462764,9.64,24000
179,11914866727417772924,330284,6.88,24000
180,11941344920252638497,238124,4.96,24000
181,1195259032149581857,576044,12.0,24000
182,12002844077744480317,145964,3.04,24000
183,12009344274436898396,641324,13.36,24000
184,12021645153604727337,650924,13.56,24000
185,12025365229149658747,794924,16.56,24000
186,12071313218319886648,370604,7.72,24000
187,12094303677305157962,535724,11.16,24000
188,12096439779290990573,708524,14.76,24000
189,1209788290097217292,564524,11.76,24000
190,12108991698514406176,606764,12.64,24000
191,12122318145749283757,483884,10.08,24000
192,12124198921231594926,409004,8.52,24000
193,12146015790646237508,253484,5.28,24000
194,12180750117271569075,466604,9.72,24000
195,12192147932869183539,261164,5.44,24000
196,12197717719526879890,864044,18.0,24000
197,12206239426558133535,587564,12.24,24000
198,12207206706246066477,802604,16.72,24000
199,12210145007517384511,374444,7.8,24000
200,12210593132414688859,639404,13.32,24000
201,12211160183337147877,230444,4.8,24000
202,12217261587943754801,462764,9.64,24000
203,12228696698604215117,720044,15.0,24000
204,12254563362939428730,316844,6.6,24000
205,1226173168411574588,877484,18.28,24000
206,12272003029560380515,289964,6.04,24000
207,12281664160319645637,541484,11.28,24000
208,12285328413208557797,382124,7.96,24000
209,12294398269278089561,576044,12.0,24000
210,123027036723214317,572204,11.92,24000
211,12328540416917906235,416684,8.68,24000
212,1237751299577172413,618284,12.88,24000
213,12390226346917579159,624044,13.0,24000
214,12413818954197447534,341804,7.12,24000
215,12425662260654427124,599084,12.48,24000
216,12437871868627235198,702764,14.64,24000
217,12453793816638113887,422444,8.8,24000
218,1246836432665830475,491564,10.24,24000
219,12470048629748819787,480044,10.0,24000
220,12480428541898232261,791084,16.48,24000
221,12484621003105463283,410924,8.56,24000
222,12494844080981341450,589484,12.28,24000
223,12497730245798610198,768044,16.0,24000
224,12503800860865620107,961964,20.04,24000
225,12590989893679623367,374444,7.8,24000
226,12613781785548363735,238124,4.96,24000
227,12645933444381375178,708524,14.76,24000
228,1267645932173147598,906284,18.88,24000
229,12679713990249577237,428204,8.92,24000
230,12681708497457435703,468524,9.76,24000
231,12728561403074323795,531884,11.08,24000
232,12737912661608179094,391724,8.16,24000
233,12764094463379687842,403244,8.4,24000
234,12788065264691663703,288044,6.0,24000
235,12788293240565307714,374444,7.8,24000
236,12792134658920466687,864044,18.0,24000
237,12793509498079130784,376364,7.84,24000
238,12810989514711014210,864044,18.0,24000
239,12812706500253620420,351404,7.32,24000
240,12826319735322102185,278444,5.8,24000
241,1284992659658944775,266924,5.56,24000
242,12853614753855082672,474284,9.88,24000
243,12878936766356428381,311084,6.48,24000
244,12891322367169196991,397484,8.28,24000
245,12891656399887624832,284204,5.92,24000
246,12922468653648743299,529964,11.04,24000
247,12928494327607624261,368684,7.68,24000
248,1293038176068813262,518444,10.8,24000
249,12930620649352829526,468524,9.76,24000
250,12939044498304553148,537644,11.2,24000
251,12942787810365904815,420524,8.76,24000
252,12955966759235823047,466604,9.72,24000
253,12968767159853451611,414764,8.64,24000
254,1298603722900414241,553004,11.52,24000
255,12989417514503142793,420524,8.76,24000
256,13011618640811299525,531884,11.08,24000
257,13016345265961217785,301484,6.28,24000
258,13019529614075026065,405164,8.44,24000
259,1303716085148791878,518444,10.8,24000
260,13044579042820024931,307244,6.4,24000
261,13075136740056639507,478124,9.96,24000
262,13128570134798323174,990764,20.64,24000
263,13132943436370898094,543404,11.32,24000
264,13137659655139346063,468524,9.76,24000
265,13141845282155384958,203564,4.24,24000
266,13180688971820899357,241964,5.04,24000
267,13183126877547174116,359084,7.48,24000
268,1318860204890704780,560684,11.68,24000
269,13214186320053255411,347564,7.24,24000
270,13216887773511586572,318764,6.64,24000
271,13220003707519130843,635564,13.24,24000
272,13248795118941640976,566444,11.8,24000
273,13278239693604739949,541484,11.28,24000
274,13301543190519180167,472364,9.84,24000
275,13336293306651484230,391724,8.16,24000
276,13382933822965551063,439724,9.16,24000
277,1339247474128864027,261164,5.44,24000
278,13416110555582944356,374444,7.8,24000
279,13416286007772241048,362924,7.56,24000
280,13429760750220241282,721964,15.04,24000
281,13442321460607854767,288044,6.0,24000
282,13474439315798313173,299564,6.24,24000
283,13474940535220411257,912044,19.0,24000
284,13483906456549346200,560684,11.68,24000
285,13499894034223143521,553004,11.52,24000
286,13561112995306425654,478124,9.96,24000
287,13580648726528317415,754604,15.72,24000
288,13641731791167660853,710444,14.8,24000
289,13653855236274689944,426284,8.88,24000
290,13673057841980479948,399404,8.32,24000
291,13675895757341880959,503084,10.48,24000
292,13688153431773148164,785324,16.36,24000
293,13700505127940407714,380204,7.92,24000
294,13795575248281284394,535724,11.16,24000
295,13806907321320422720,501164,10.44,24000
296,13813258420162200762,785324,16.36,24000
297,13824348696324219664,673964,14.04,24000
298,13889676151365640316,324524,6.76,24000
299,13898799767713164652,422444,8.8,24000
300,13934474448539580218,374444,7.8,24000
301,13962709448146079795,397484,8.28,24000
302,14033363815408484719,779564,16.24,24000
303,14060886675580231890,432044,9.0,24000
304,14063120106281274627,364844,7.6,24000
305,14069410662399408021,641324,13.36,24000
306,14080899117271433633,541484,11.28,24000
307,14113297300310186344,305324,6.36,24000
308,1411631315827133256,877484,18.28,24000
309,14160792849120183274,253484,5.28,24000
310,14185433490196335374,397484,8.28,24000
311,14226141520391000666,503084,10.48,24000
312,1423641991214454916,416684,8.68,24000
313,14257086797776716793,1027244,21.4,24000
314,14303876547009608424,601004,12.52,24000
315,14329212639885368739,393644,8.2,24000
316,14336076832571840544,564524,11.76,24000
317,14336156200613792947,687404,14.32,24000
318,14355188583560638725,514604,10.72,24000
319,14373428298062572927,554924,11.56,24000
320,14381365962220110840,357164,7.44,24000
321,14381836085585108266,716204,14.92,24000
322,1439924595352177887,414764,8.64,24000
323,14425384443618238214,652844,13.6,24000
324,14461161553969315266,278444,5.8,24000
325,14491225209886517498,986924,20.56,24000
326,14496091509268535609,526124,10.96,24000
327,14524955874517662167,399404,8.32,24000
328,1455384402912282372,307244,6.4,24000
329,1456686567493072465,624044,13.0,24000
330,14595004625343312170,716204,14.92,24000
331,14649747088345625930,485804,10.12,24000
332,14663909775556881188,725804,15.12,24000
333,14713450397593366244,295724,6.16,24000
334,14775864759909175839,391724,8.16,24000
335,14778783310059565838,391724,8.16,24000
336,14791895221836701983,393644,8.2,24000
337,14792693093468373061,756524,15.76,24000
338,14801771442023916586,1240364,25.84,24000
339,14829342090870097322,748844,15.6,24000
340,14829999763726910090,483884,10.08,24000
341,14840661895495363536,364844,7.6,24000
342,14850549709026043623,460844,9.6,24000
343,14855817247044495015,819884,17.08,24000
344,1487236446751825135,405164,8.44,24000
345,14874839446427508137,282284,5.88,24000
346,14897329137480834406,437804,9.12,24000
347,14927944775673914948,420524,8.76,24000
348,14956138350904361993,397484,8.28,24000
349,14961331064092877790,489644,10.2,24000
350,14966052977425057654,537644,11.2,24000
351,1497849467571852192,846764,17.64,24000
352,15017247102441541239,382124,7.96,24000
353,1501967131173150681,357164,7.44,24000
354,15057605943700215844,581804,12.12,24000
355,15063062006524277960,288044,6.0,24000
356,15093882947175656159,685484,14.28,24000
357,15115183281550069065,687404,14.32,24000
358,15154425140463010452,324524,6.76,24000
359,15155596693921387278,566444,11.8,24000
360,15188088383103851979,549164,11.44,24000
361,15297191554787735491,616364,12.84,24000
362,15305219851291436437,149804,3.12,24000
363,15333090567224755822,501164,10.44,24000
364,15339214358404194392,940844,19.6,24000
365,15340298391946783483,641324,13.36,24000
366,15355574797134980761,330284,6.88,24000
367,15361293706734018760,457004,9.52,24000
368,15377230752502726611,673964,14.04,24000
369,1539229541357042662,846764,17.64,24000
370,15399492904733359297,301484,6.28,24000
371,15428175309297876197,462764,9.64,24000
372,15435679363640533254,466604,9.72,24000
373,15459831554218753559,860204,17.92,24000
374,15506633688051907794,410924,8.56,24000
375,15535425035051959372,334124,6.96,24000
376,1555702870831966993,497324,10.36,24000
377,15573791189760837755,564524,11.76,24000
378,15579648486683931347,616364,12.84,24000
379,15586167695023675319,472364,9.84,24000
380,15595271511291179307,693164,14.44,24000
381,15615583093260098681,449324,9.36,24000
382,15626222758387503417,650924,13.56,24000
383,1563402556283731317,460844,9.6,24000
384,1564422087445422965,347564,7.24,24000
385,15655219899217495702,560684,11.68,24000
386,15674102438144990318,589484,12.28,24000
387,15710419346531775803,560684,11.68,24000
388,15718300160622330920,543404,11.32,24000
389,15720432056192285091,362924,7.56,24000
390,15723390690113204329,445484,9.28,24000
391,15735622119378787303,514604,10.72,24000
392,1574730225084490942,497324,10.36,24000
393,15754052479916944373,543404,11.32,24000
394,15762931946915368098,691244,14.4,24000
395,15767781890889148667,215084,4.48,24000
396,15827476010577495911,480044,10.0,24000
397,15834700928372836900,564524,11.76,24000
398,15837240450817409049,289964,6.04,24000
399,15849403133886307171,771884,16.08,24000
400,15854032452951321876,449324,9.36,24000
401,15858597967700791473,399404,8.32,24000
402,1588084014887245425,529964,11.04,24000
403,15893871800891274503,501164,10.44,24000
404,15900613708592865364,652844,13.6,24000
405,15923077664832829132,382124,7.96,24000
406,15973549016830522774,339884,7.08,24000
407,15987193966418629433,195884,4.08,24000
408,15999318613594779679,768044,16.0,24000
409,16003115160538663402,549164,11.44,24000
410,16014341918043451807,416684,8.68,24000
411,16028223345661753734,451244,9.4,24000
412,16030411036621083866,466604,9.72,24000
413,16060982472335385164,397484,8.28,24000
414,16064825012221845407,512684,10.68,24000
415,16091818533005432688,806444,16.8,24000
416,1609801604688232858,495404,10.32,24000
417,16120521530260333198,520364,10.84,24000
418,1613479757888090850,673964,14.04,24000
419,16141559154638526270,687404,14.32,24000
420,16219507001332029304,376364,7.84,24000
421,16236222666251623448,416684,8.68,24000
422,16267114178518025318,854444,17.8,24000
423,16291659783624063879,374444,7.8,24000
424,16319075660424443403,380204,7.92,24000
425,16348298347088855907,382124,7.96,24000
426,16349054437068617393,854444,17.8,24000
427,16353299916672035792,702764,14.64,24000
428,1635425790710079868,825644,17.2,24000
429,16366001487018017292,420524,8.76,24000
430,16366651716214665565,357164,7.44,24000
431,16385039868199487133,708524,14.76,24000
432,1639447993138223584,639404,13.32,24000
433,16394783487989351979,658604,13.72,24000
434,16401721153362006998,359084,7.48,24000
435,16407669836634611664,276524,5.76,24000
436,16474354480678587032,347564,7.24,24000
437,1649181381079106702,393644,8.2,24000
438,1649958216563907866,316844,6.6,24000
439,16510066746988231512,478124,9.96,24000
440,16523106050339150346,420524,8.76,24000
441,1652816987311697472,794924,16.56,24000
442,16532720110162061909,633644,13.2,24000
443,16536087990229797811,397484,8.28,24000
444,1653745375094244300,658604,13.72,24000
445,16557010070027668588,322604,6.72,24000
446,16561835448566788488,451244,9.4,24000
447,16563084414608721703,301484,6.28,24000
448,16573213424024470487,685484,14.28,24000
449,16576196380497756460,236204,4.92,24000
450,1659404502726519399,869804,18.12,24000
451,16596724496148449406,339884,7.08,24000
452,16596945670751232667,322604,6.72,24000
453,16599508611765846144,577964,12.04,24000
454,16600762023263805968,558764,11.64,24000
455,16608566560230627313,652844,13.6,24000
456,16619602529798213630,687404,14.32,24000
457,16620316896476941720,520364,10.84,24000
458,16658537214497076049,673964,14.04,24000
459,16667034882418131309,382124,7.96,24000
460,16692728949041795081,837164,17.44,24000
461,16699029755275479940,466604,9.72,24000
462,16711007562970780000,443564,9.24,24000
463,16717602464982043037,961964,20.04,24000
464,16721239975226877710,743084,15.48,24000
465,16734564972793019712,558764,11.64,24000
466,16741648647602171055,457004,9.52,24000
467,16758296474966542120,387884,8.08,24000
468,16766581334617263638,449324,9.36,24000
469,16779146581282271565,466604,9.72,24000
470,16785458835941044988,397484,8.28,24000
471,16815184485295242912,359084,7.48,24000
472,16815460978179402619,547244,11.4,24000
473,16822779164635224750,725804,15.12,24000
474,16832097215900924621,468524,9.76,24000
475,16857340012560533602,284204,5.92,24000
476,1686899962391172922,639404,13.32,24000
477,16869819978621352211,518444,10.8,24000
478,16883438521261949973,437804,9.12,24000
479,16936398256913701337,445484,9.28,24000
480,16967721383761335664,299564,6.24,24000
481,1697348971114333386,485804,10.12,24000
482,16989332266242079797,311084,6.48,24000
483,17009207185779624498,449324,9.36,24000
484,17040607867783470511,313004,6.52,24000
485,17041091101507024685,650924,13.56,24000
486,17062911143583983873,460844,9.6,24000
487,17118988089997684519,485804,10.12,24000
488,17125709123866127673,432044,9.0,24000
489,1712916379250949437,414764,8.64,24000
490,17133708159501738249,328364,6.84,24000
491,17141298578947284012,380204,7.92,24000
492,17168559099312246909,357164,7.44,24000
493,17171351046487303416,760364,15.84,24000
494,17186887527649872124,380204,7.92,24000
495,17188247421506558244,491564,10.24,24000
496,17203383144014102480,468524,9.76,24000
497,17226438561246751523,266924,5.56,24000
498,1724273200663479810,485804,10.12,24000
499,17253417164216845905,601004,12.52,24000
500,17293417916717642277,541484,11.28,24000
501,173074259445164256,716204,14.92,24000
502,17310372010442497436,599084,12.48,24000
503,17322070222044041125,572204,11.92,24000
504,173302692808600126,339884,7.08,24000
505,1733598191944763032,577964,12.04,24000
506,17337203843623608954,422444,8.8,24000
507,17346414581237728250,923564,19.24,24000
508,17357049733925988860,485804,10.12,24000
509,17375705579126849897,616364,12.84,24000
510,17377380139674410904,754604,15.72,24000
511,17435745758880248196,403244,8.4,24000
512,17455816338510477542,754604,15.72,24000
513,17481108713643409135,1004204,20.92,24000
514,1749947390900571082,572204,11.92,24000
515,17505802280376968458,382124,7.96,24000
516,17522425804177180546,514604,10.72,24000
517,17551737013254756848,305324,6.36,24000
518,17590687132762384707,733484,15.28,24000
519,17618517072617832763,489644,10.2,24000
520,17633013685964371168,491564,10.24,24000
521,17774032955946245623,633644,13.2,24000
522,17777841435863839023,474284,9.88,24000
523,1779818120111069965,808364,16.84,24000
524,1780396879507354846,852524,17.76,24000
525,17831896300942752301,558764,11.64,24000
526,17843412490661848344,616364,12.84,24000
527,17857437936897396284,433964,9.04,24000
528,17868167183628427358,673964,14.04,24000
529,17871169622625438155,474284,9.88,24000
530,17883678760481027885,457004,9.52,24000
531,17887091644388481212,376364,7.84,24000
532,17891677681238811616,439724,9.16,24000
533,17944535416643172792,497324,10.36,24000
534,1800675503100347047,289964,6.04,24000
535,1805179509033775248,330284,6.88,24000
536,18056107881816113055,393644,8.2,24000
537,18143916026623202906,549164,11.44,24000
538,18144421146456679490,259244,5.4,24000
539,18158773165217617538,518444,10.8,24000
540,18166036130312107732,495404,10.32,24000
541,18199120674063847935,817964,17.04,24000
542,1821539674790274319,508844,10.6,24000
543,18237378485764523471,478124,9.96,24000
544,18254927460221491595,587564,12.24,24000
545,18286204855403875308,633644,13.2,24000
546,18290007455344816311,455084,9.48,24000
547,18311757381647984433,460844,9.6,24000
548,18344068737058935388,370604,7.72,24000
549,18348708975951613357,662444,13.8,24000
550,1835889547146586560,739244,15.4,24000
551,18385926201536209396,410924,8.56,24000
552,1839656951340874161,762284,15.88,24000
553,1842741444984138905,612524,12.76,24000
554,18431042842187567814,622124,12.96,24000
555,18433449938657580507,940844,19.6,24000
556,1848487979404081642,725804,15.12,24000
557,1859754536971313278,622124,12.96,24000
558,1870780477155973358,288044,6.0,24000
559,1895588105302050695,328364,6.84,24000
560,1897928664933788150,624044,13.0,24000
561,1898053764518292988,410924,8.56,24000
562,190397094449343252,877484,18.28,24000
563,1929072712513236581,687404,14.32,24000
564,1929112953134227567,497324,10.36,24000
565,1956234081274534739,685484,14.28,24000
566,1976880466062072516,336044,7.0,24000
567,1992339422910583943,397484,8.28,24000
568,2007225825514383117,526124,10.96,24000
569,2012304365632777039,599084,12.48,24000
570,2039236965878734481,374444,7.8,24000
571,2050253507380748697,307244,6.4,24000
572,2067927824929821128,601004,12.52,24000
573,2086121996515104917,737324,15.36,24000
574,2090777045354966829,587564,12.24,24000
575,2095206026521959061,345644,7.2,24000
576,21129936312206770,1048364,21.84,24000
577,211971695028103593,362924,7.56,24000
578,2137410873466262532,629804,13.12,24000
579,2206056043002382084,537644,11.2,24000
580,2220123195183955251,376364,7.84,24000
581,2257992242667669962,587564,12.24,24000
582,2260418381384360470,894764,18.64,24000
583,2264453485502572061,572204,11.92,24000
584,2279920455073042277,491564,10.24,24000
585,2282763879870490108,553004,11.52,24000
586,2312591784032609650,702764,14.64,24000
587,2323650316395444544,745004,15.52,24000
588,2335688071955934418,635564,13.24,24000
589,2390244475950933643,391724,8.16,24000
590,2396855557593711210,405164,8.44,24000
591,2401858644230665800,645164,13.44,24000
592,2408609100264347137,650924,13.56,24000
593,2430246742227551280,668204,13.92,24000
594,2435973221787542786,299564,6.24,24000
595,2452952563021113004,756524,15.76,24000
596,2456494161259664933,558764,11.64,24000
597,2480394318750769517,364844,7.6,24000
598,2497494334356118101,420524,8.76,24000
599,2502593547454586136,554924,11.56,24000
600,2507705336616193239,387884,8.08,24000
601,253090649539528336,589484,12.28,24000
602,2540605808597453731,535724,11.16,24000
603,2547739588138301431,416684,8.68,24000
604,2549754203492455427,760364,15.84,24000
605,2570926768695703742,364844,7.6,24000
606,2581390880102486918,531884,11.08,24000
607,2606998345829964220,265004,5.52,24000
608,2625732529929572045,409004,8.52,24000
609,264330694181058375,526124,10.96,24000
610,2678904903790501440,889004,18.52,24000
611,2682980310320384832,443564,9.24,24000
612,2689396387947366366,261164,5.44,24000
613,269788741555915662,483884,10.08,24000
614,2699095347398227144,679724,14.16,24000
615,2700508764003266371,380204,7.92,24000
616,2703829371539720386,743084,15.48,24000
617,2714084517448566883,428204,8.92,24000
618,2718557520037340785,311084,6.48,24000
619,2732105628595769869,791084,16.48,24000
620,2755489665930543125,311084,6.48,24000
621,2798306888925976592,311084,6.48,24000
622,2809450481748414671,316844,6.6,24000
623,2826135067119052702,589484,12.28,24000
624,2831071384420897079,745004,15.52,24000
625,2836646336494720709,466604,9.72,24000
626,2859348612799430474,512684,10.68,24000
627,2863773737150923165,748844,15.6,24000
628,2890597058334403481,566444,11.8,24000
629,2893599549174465785,904364,18.84,24000
630,2903139800616244079,259244,5.4,24000
631,2905461684083498067,549164,11.44,24000
632,2919409994048252305,253484,5.28,24000
633,2995314447344591006,785324,16.36,24000
634,302399787889294818,716204,14.92,24000
635,3045461364170721527,639404,13.32,24000
636,3054452816577716811,508844,10.6,24000
637,3062179997919483195,339884,7.08,24000
638,3098867947219082017,284204,5.92,24000
639,3114289368572032537,923564,19.24,24000
640,312440546879664316,485804,10.12,24000
641,3127460024353378183,155564,3.24,24000
642,3129107625623617444,437804,9.12,24000
643,3155692457220210942,560684,11.68,24000
644,3221706798556807536,380204,7.92,24000
645,3250451189287691183,558764,11.64,24000
646,3265600886050530766,422444,8.8,24000
647,3297136068657587938,247724,5.16,24000
648,3356921107070020219,341804,7.12,24000
649,3370069838106336860,570284,11.88,24000
650,340154118786699178,601004,12.52,24000
651,3434781012929483407,382124,7.96,24000
652,3478582346755828690,403244,8.4,24000
653,3494406135499583948,385964,8.04,24000
654,3570755296509745570,316844,6.6,24000
655,3579329569482434666,161324,3.36,24000
656,3591746765118556547,339884,7.08,24000
657,3646869838777649919,478124,9.96,24000
658,3656080208024198539,512684,10.68,24000
659,3668266319538825417,743084,15.48,24000
660,3678958980502186565,359084,7.48,24000
661,3685667665210804660,409004,8.52,24000
662,3689691743331227346,483884,10.08,24000
663,3692537117040548628,426284,8.88,24000
664,371042592674008763,474284,9.88,24000
665,3744861505759143298,497324,10.36,24000
666,3747972411210324632,380204,7.92,24000
667,3752430848256072728,616364,12.84,24000
668,3768480009349628286,691244,14.4,24000
669,3768500797856945390,339884,7.08,24000
670,3780250872284860542,485804,10.12,24000
671,3806981558000987951,328364,6.84,24000
672,3823822160157635471,526124,10.96,24000
673,3831668543604094657,681644,14.2,24000
674,3845832320894072382,145964,3.04,24000
675,3853716872458689663,387884,8.08,24000
676,3873772333058470826,508844,10.6,24000
677,3892521767175364726,468524,9.76,24000
678,3906552791057042133,232364,4.84,24000
679,3910153894736365299,508844,10.6,24000
680,3924990191971254755,687404,14.32,24000
681,3936596744514970373,549164,11.44,24000
682,3948095205962865643,554924,11.56,24000
683,3962047931154842287,370604,7.72,24000
684,3996875554811395417,529964,11.04,24000
685,4124554912468550430,272684,5.68,24000
686,4143792270435368598,478124,9.96,24000
687,4173989713630942202,1071404,22.32,24000
688,4181146190479457151,566444,11.8,24000
689,4191561973883365383,779564,16.24,24000
690,4195213246244780332,370604,7.72,24000
691,420241432216474257,478124,9.96,24000
692,4210124758971767885,725804,15.12,24000
693,4224633346744092434,748844,15.6,24000
694,4323694939618746600,503084,10.48,24000
695,4335758597246636346,416684,8.68,24000
696,433815367110229335,391724,8.16,24000
697,4357997239023080515,635564,13.24,24000
698,4392328372756014941,428204,8.92,24000
699,4404263555565194496,318764,6.64,24000
700,4428574278342812032,420524,8.76,24000
701,4435086883783205056,599084,12.48,24000
702,4446412995737184707,658604,13.72,24000
703,4451715706687368273,501164,10.44,24000
704,4481322928607244806,685484,14.28,24000
705,4483438540604108472,773804,16.12,24000
706,4491615321677532692,543404,11.32,24000
707,4501882732433240613,491564,10.24,24000
708,4525630659494720414,629804,13.12,24000
709,4541950785983673888,405164,8.44,24000
710,4549709483054141737,334124,6.96,24000
711,456575042107046575,485804,10.12,24000
712,4604656122017853681,409004,8.52,24000
713,4605943413495144592,589484,12.28,24000
714,4621593064200214635,266924,5.56,24000
715,4636495874464644838,622124,12.96,24000
716,4647331039645527792,800684,16.68,24000
717,465455232324800814,405164,8.44,24000
718,4662042097445502287,399404,8.32,24000
719,468724429058458319,829484,17.28,24000
720,4698767788929747555,403244,8.4,24000
721,4728830252651882959,645164,13.44,24000
722,4734698515758987781,687404,14.32,24000
723,4741821842883375144,192044,4.0,24000
724,4746937624474255004,679724,14.16,24000
725,47561021889450253,604844,12.6,24000
726,4770222501744242642,560684,11.68,24000
727,4797789857283593698,739244,15.4,24000
728,4797806732912045752,819884,17.08,24000
729,480550079719597390,462764,9.64,24000
730,4833304088548669826,910124,18.96,24000
731,4873739346376182301,681644,14.2,24000
732,4883557587592922035,249644,5.2,24000
733,489943880631985518,612524,12.76,24000
734,4907131865206368270,783404,16.32,24000
735,4925186331103338137,612524,12.76,24000
736,493344078299272711,485804,10.12,24000
737,49405934639825965,514604,10.72,24000
738,4978890220337529942,385964,8.04,24000
739,4994723449322671779,341804,7.12,24000
740,5032405234089961103,472364,9.84,24000
741,503417641796403950,380204,7.92,24000
742,5044368200645372158,572204,11.92,24000
743,5044475958253461991,399404,8.32,24000
744,5060495428521381064,422444,8.8,24000
745,5084475894269260440,693164,14.44,24000
746,5093287671024700129,650924,13.56,24000
747,5094190499148994368,508844,10.6,24000
748,5094197786627123834,345644,7.2,24000
749,5194592963463425804,668204,13.92,24000
750,5202236145520211095,739244,15.4,24000
751,52136785855854727,387884,8.08,24000
752,5247188618311407453,489644,10.2,24000
753,5263286519973835358,831404,17.32,24000
754,5274113207560414159,345644,7.2,24000
755,5287745127534269222,480044,10.0,24000
756,5291362025261310265,587564,12.24,24000
757,5291724570059649061,958124,19.96,24000
758,5293317273666762355,572204,11.92,24000
759,5319544536192353849,650924,13.56,24000
760,5324031274116367364,472364,9.84,24000
761,5335769692290051168,414764,8.64,24000
762,5349222561012405826,944684,19.68,24000
763,535021823066058143,618284,12.88,24000
764,5374968531221183349,449324,9.36,24000
765,5385642854944225004,604844,12.6,24000
766,5437981218124861063,679724,14.16,24000
767,5459092339736784634,353324,7.36,24000
768,5488046050278068413,336044,7.0,24000
769,551134480683619215,697004,14.52,24000
770,5547454268358012945,351404,7.32,24000
771,5552335042977644271,506924,10.56,24000
772,5581286366585836751,387884,8.08,24000
773,5592581611427958266,547244,11.4,24000
774,5604550183183899157,865964,18.04,24000
775,5611603910732108286,664364,13.84,24000
776,5630891308660274697,687404,14.32,24000
777,5653623788711272790,658604,13.72,24000
778,5659011034654539095,554924,11.56,24000
779,5681555977983067752,506924,10.56,24000
780,5700242529900378868,374444,7.8,24000
781,5705537423883100204,420524,8.76,24000
782,5725146830438570333,587564,12.24,24000
783,5726635678304447877,558764,11.64,24000
784,5736439262547895092,641324,13.36,24000
785,5755288582825828418,382124,7.96,24000
786,5762351627126232718,393644,8.2,24000
787,5767541400821533005,439724,9.16,24000
788,5768152993920548272,376364,7.84,24000
789,5768391847801470175,627884,13.08,24000
790,5780344067496286903,362924,7.56,24000
791,578642522152933761,629804,13.12,24000
792,5815638079426507901,483884,10.08,24000
793,5858538493017861580,589484,12.28,24000
794,5860352161812590756,583724,12.16,24000
795,5892368225367747674,645164,13.44,24000
796,589324623715852135,553004,11.52,24000
797,5968467464681255163,647084,13.48,24000
798,5983597181021917157,316844,6.6,24000
799,6036130247446332857,288044,6.0,24000
800,6037894026033227442,491564,10.24,24000
801,6051040382556255310,641324,13.36,24000
802,6119510996248326444,616364,12.84,24000
803,6160465331979558402,708524,14.76,24000
804,6162908357677852391,432044,9.0,24000
805,6169634903479338665,794924,16.56,24000
806,6184655806407563952,1002284,20.88,24000
807,6190609673194260984,1111724,23.16,24000
808,6193421537651476988,518444,10.8,24000
809,620363904942888685,650924,13.56,24000
810,6220335287561624550,570284,11.88,24000
811,6234905437014898697,756524,15.76,24000
812,6235647223525284446,577964,12.04,24000
813,6248689235651704172,529964,11.04,24000
814,6271802146232441306,265004,5.52,24000
815,6307929314374240805,462764,9.64,24000
816,6309712921759906267,330284,6.88,24000
817,6337281932614374192,547244,11.4,24000
818,6347955572245772223,387884,8.08,24000
819,6352062663085143255,276524,5.76,24000
820,6367193326183059681,353324,7.36,24000
821,6382067997164441728,531884,11.08,24000
822,6389756971228395559,503084,10.48,24000
823,6479869165086788444,316844,6.6,24000
824,6481688736544314541,572204,11.92,24000
825,6486856765927923277,524204,10.92,24000
826,6517621382371826167,518444,10.8,24000
827,6566570473193058771,791084,16.48,24000
828,6572828632296986183,385964,8.04,24000
829,6607720405183168957,491564,10.24,24000
830,6619587144099194268,647084,13.48,24000
831,6630450940915018370,566444,11.8,24000
832,6686772205687373292,576044,12.0,24000
833,669531332978801208,714284,14.88,24000
834,672709152247268189,558764,11.64,24000
835,6751694194686160965,910124,18.96,24000
836,6759737403034488470,771884,16.08,24000
837,6778323556062974785,397484,8.28,24000
838,6809383638916367780,566444,11.8,24000
839,6814026985185448670,587564,12.24,24000
840,6823410577979364960,875564,18.24,24000
841,686091316407667812,547244,11.4,24000
842,6870487230510546694,474284,9.88,24000
843,6923065436844657572,399404,8.32,24000
844,6932223491060067930,817964,17.04,24000
845,6964982198072595877,553004,11.52,24000
846,6979845278936318797,385964,8.04,24000
847,699758514018537506,698924,14.56,24000
848,7013774659111397147,698924,14.56,24000
849,702584197219263996,207404,4.32,24000
850,7045801225836072515,604844,12.6,24000
851,7051555995524905741,485804,10.12,24000
852,7089558697880581861,301484,6.28,24000
853,7122128360986851902,777644,16.2,24000
854,7134301302150949502,503084,10.48,24000
855,7164673274909010627,1203884,25.08,24000
856,7206930158907891487,501164,10.44,24000
857,7208897152365234661,439724,9.16,24000
858,7219732027015706473,541484,11.28,24000
859,7226213069784432527,852524,17.76,24000
860,7251265407121280343,460844,9.6,24000
861,7278921012951079546,351404,7.32,24000
862,7307131407217698463,485804,10.12,24000
863,7352111378790356599,382124,7.96,24000
864,7362848544105167852,422444,8.8,24000
865,7383245879503182663,652844,13.6,24000
866,7427562958902557612,549164,11.44,24000
867,7438588762691414349,524204,10.92,24000
868,7456709357599421540,593324,12.36,24000
869,7469631593670847321,673964,14.04,24000
870,7474583948600802385,647084,13.48,24000
871,747647123971303365,391724,8.16,24000
872,7480701362491465406,468524,9.76,24000
873,7489661256666974744,289964,6.04,24000
874,7491432863040949030,789164,16.44,24000
875,7491945520452909277,393644,8.2,24000
876,7504819875406702492,733484,15.28,24000
877,7518697160598590871,604844,12.6,24000
878,7550573691321205659,376364,7.84,24000
879,7551211407917243569,301484,6.28,24000
880,7569889200687324572,380204,7.92,24000
881,7585486969926141889,305324,6.36,24000
882,7597223740072333715,898604,18.72,24000
883,759954812327305430,691244,14.4,24000
884,7634416749271483412,652844,13.6,24000
885,7636914480488471942,629804,13.12,24000
886,7643631052955616537,270764,5.64,24000
887,7651198484589805525,497324,10.36,24000
888,7651199816932501447,577964,12.04,24000
889,7680188489072454415,307244,6.4,24000
890,7726198312953458213,460844,9.6,24000
891,7729746365929901598,503084,10.48,24000
892,7733199834616696370,616364,12.84,24000
893,7738120405676491867,823724,17.16,24000
894,7739305574377481350,641324,13.36,24000
895,7757246749638811610,535724,11.16,24000
896,7767139632206816203,403244,8.4,24000
897,7794935901261343991,466604,9.72,24000
898,7804728880624045722,710444,14.8,24000
899,7871367775875681735,808364,16.84,24000
900,7872458254625905210,409004,8.52,24000
901,7917735963854492569,526124,10.96,24000
902,7919613322987334294,710444,14.8,24000
903,7952258358996214790,236204,4.92,24000
904,8011230699290636364,243884,5.08,24000
905,8047199962981400762,376364,7.84,24000
906,8049896136899498691,622124,12.96,24000
907,8075346481199343568,376364,7.84,24000
908,8132602451575297820,387884,8.08,24000
909,8141414083739967894,265004,5.52,24000
910,8191652088367600301,403244,8.4,24000
911,8196080587233099169,243884,5.08,24000
912,8251592368439362125,265004,5.52,24000
913,8253253459661958913,249644,5.2,24000
914,8263997679185305708,566444,11.8,24000
915,8272988639920208603,483884,10.08,24000
916,8286210157194607170,841004,17.52,24000
917,8325655396871651962,278444,5.8,24000
918,8349659854974570577,393644,8.2,24000
919,8357434638487290804,506924,10.56,24000
920,8361825697793712933,766124,15.96,24000
921,8390880809628397240,420524,8.76,24000
922,8459649353821143545,451244,9.4,24000
923,8480258425073752175,606764,12.64,24000
924,8490882625453692831,489644,10.2,24000
925,8492363761598918111,560684,11.68,24000
926,8493056455733432181,313004,6.52,24000
927,849352027082772395,520364,10.84,24000
928,851295861758293537,299564,6.24,24000
929,8535237911507963445,282284,5.88,24000
930,855209254412352321,503084,10.48,24000
931,8602037858465070472,595244,12.4,24000
932,8611549508607246060,629804,13.12,24000
933,8618239810636701938,560684,11.68,24000
934,862043833945555204,892844,18.6,24000
935,862599838093871601,656684,13.68,24000
936,8654904914034943626,501164,10.44,24000
937,8658984583665007141,664364,13.84,24000
938,8686106961404122825,616364,12.84,24000
939,8717953056817729213,466604,9.72,24000
940,8739703113524634509,1079084,22.48,24000
941,8788132656935511906,624044,13.0,24000
942,8800412057384678164,238124,4.96,24000
943,8811448305539940866,501164,10.44,24000
944,8812095027808914568,599084,12.48,24000
945,8829098420349647386,485804,10.12,24000
946,8831390585318534738,512684,10.68,24000
947,8873609108078872190,405164,8.44,24000
948,8888390075474419990,497324,10.36,24000
949,8925466871996736236,627884,13.08,24000
950,8940071772673223757,675884,14.08,24000
951,8983579336964427707,627884,13.08,24000
952,9018081782788678212,409004,8.52,24000
953,9041288049268074982,399404,8.32,24000
954,9052659830968960871,414764,8.64,24000
955,9066331324650667945,520364,10.84,24000
956,9069139613025633412,387884,8.08,24000
957,9080493421003339628,750764,15.64,24000
958,9110157270755102004,347564,7.24,24000
959,914549953258739759,889004,18.52,24000
960,9153729621663711540,1054124,21.96,24000
961,9170854814785439019,391724,8.16,24000
962,9172167347494888071,253484,5.28,24000
963,9185042442073949916,483884,10.08,24000
964,9191412347985621598,714284,14.88,24000
965,9222437276562983563,662444,13.8,24000
966,9233908382986929990,362924,7.56,24000
967,9234197885885372500,543404,11.32,24000
968,9257771299169589196,745004,15.52,24000
969,927224149770852371,305324,6.36,24000
970,9273925387935666311,506924,10.56,24000
971,9317950435338188738,370604,7.72,24000
972,9364767537635516423,416684,8.68,24000
973,9365916471880702915,697004,14.52,24000
974,936775326690719677,288044,6.0,24000
975,9385782130451469008,497324,10.36,24000
976,9391334658086344226,526124,10.96,24000
977,9393906726553585734,514604,10.72,24000
978,9418930700185401953,595244,12.4,24000
979,9430548005739919287,218924,4.56,24000
980,9470277555176020906,1129004,23.52,24000
981,9483239012320648862,364844,7.6,24000
982,95098327287312918,560684,11.68,24000
983,9518758976782799451,794924,16.56,24000
984,9558125540578919412,526124,10.96,24000
985,9571379873938887744,535724,11.16,24000
986,9587045489231891100,685484,14.28,24000
987,9597772292707953954,704684,14.68,24000
988,960174699661496996,524204,10.92,24000
989,9627303751770241547,497324,10.36,24000
990,9655290673015015720,301484,6.28,24000
991,965579256903448611,547244,11.4,24000
992,9700784600927368628,241964,5.04,24000
993,9759966563097431488,612524,12.76,24000
994,9760692873752964374,512684,10.68,24000
995,9784109090971550180,979244,20.4,24000
996,9797292013542638497,721964,15.04,24000
997,9835490785020770481,883244,18.4,24000
998,985907044698348876,409004,8.52,24000
999,9884959649113032879,714284,14.88,24000
1000,9890131830533165442,635564,13.24,24000
1001,9894307573078387900,336044,7.0,24000
1002,9969336014007320207,387884,8.08,24000
1003,9977081511948582715,633644,13.2,24000
1004,9980983153687753135,455084,9.48,24000
1005,common_voice_is_37051265,55125,9.1875,32000
1006,common_voice_is_37051266,48645,8.1075,32000
1007,common_voice_is_37051268,36333,6.0555,32000
1008,common_voice_is_37051269,45405,7.5675,32000
1009,common_voice_is_37051280,42381,7.0635,32000
1010,common_voice_is_37051281,40221,6.7035,32000
1011,common_voice_is_37051282,29205,4.8675,32000
1012,common_voice_is_37051283,47133,7.8555,32000
1013,common_voice_is_37051284,26613,4.4355,32000
1014,common_voice_is_37652412,59013,9.8355,32000
1015,common_voice_is_37652413,56853,9.4755,32000
1016,common_voice_is_37652414,41301,6.8835,32000
1017,common_voice_is_37652415,42165,7.0275,32000
1018,common_voice_is_37652416,38493,6.4155,32000
